Date,Description,Amount,Balance
20260823,PayShap Ext Credit S SEBISHA,400.00,820.93
20260823,AIRTIME DEBIT CARD NO. 3242 VODACOM: 0766837110,-29.00,791.93
20260823,"TRANSACTION FEE AIRTIME DEBIT (EFF:230826 AMT: 29,00-)",-1.50,790.43
20260823,PayShap Ext Credit THEMBI,75.00,865.43
20260823,DIGITAL VOUCHERS    GRP FIN-PP ABSA BANK OTT Voucher f959e6a3,-20.00,845.43
20260823,"TRANSACTION FEE DIGITAL VOUCHERS (EFF:230826 AMT: 20,00-)",-2.70,842.73
20260823,POS PURCHASE (EFFEC 21082026) BP GLYNWOOD. BENON CARD NO.  8836,-200.00,642.73
20260823,POS PURCHASE (EFFEC 21082026) TLC Lakefield Benon CARD NO.  8836,-39.98,602.75
20260823,DIGITAL VOUCHERS    GRP FIN-PP ABSA BANK OTT Voucher 24afcc17,-50.00,552.75
20260823,"TRANSACTION FEE DIGITAL VOUCHERS (EFF:230826 AMT: 50,00-)",-2.70,550.05
20260824,PayShap Ext Debit shonki,-100.00,450.05
20260824,"TRANSACTION FEE PayShap Ext Debit (EFF:240826 AMT: 100,00-)",-5.50,444.55
20260825,PayShap Ext Credit L KHOSA,800.00,1244.55
20260825,POS PURCHASE (EFFEC 23082026) PnP Exp Glynwood BENON CARD NO.  8836,-34.50,1210.05
20260826,POS PURCHASE (EFFEC 22082026) Netflix Cape CARD NO.  8836,-99.00,1111.05
20260826,POS PURCHASE (EFFEC 23082026) Mona Cafe Boksb CARD NO.  8836,-72.00,1039.05
20260826,POS PURCHASE (EFFEC 23082026) BP GLYNWOOD. BENON CARD NO.  8836,-150.00,889.05
20260826,POS PURCHASE (EFFEC 24082026) D C Beauty and Barber Benon CARD NO.  8836,-60.00,829.05
20260827,ACB CREDIT SALARY,3329.63,4158.68
20260827,PayShap Ext Debit T tsalong,-600.00,3558.68
20260827,"TRANSACTION FEE PayShap Ext Debit (EFF:270826 AMT: 600,00-)",-5.50,3553.18
20260827,POS PURCHASE (EFFEC 25082026) Checkers Foods Lakefie BENON CARD NO.  8836,-23.99,3529.19
20260827,POS PURCHASE (EFFEC 25082026) TLC Lakefield Benon CARD NO.  8836,-103.08,3426.11
20260827,POS PURCHASE (EFFEC 25082026) NANDO'S NORTH RAND ROAD BOKSB CARD NO.  8836,-147.00,3279.11
20260827,POS PURCHASE (EFFEC 25082026) LiquorShop Lakefield BENON CARD NO.  8836,-109.99,3169.12
20260827,DIGITAL VOUCHERS    GRP FIN-PP ABSA BANK OTT Voucher 25e85204,-50.00,3119.12
20260827,"TRANSACTION FEE DIGITAL VOUCHERS (EFF:270826 AMT: 50,00-)",-2.70,3116.42
20260828,POS PURCHASE (EFFEC 26082026) NANDO'S NORTH RAND ROAD BOKSB CARD NO.  8836,-136.00,2980.42
20260828,POS PURCHASE (EFFEC 26082026) LiquorShop Lakefield BENON CARD NO.  8836,-99.99,2880.43
20260828,PayShap Ext Credit R MASINGE,1700.00,4580.43
20260829,PayShap Ext Credit L MDAKA,400.00,4980.43
20260829,PayShap Ext Credit S SEBISHA,600.00,5580.43
20260829,PayShap Ext Credit R MASINGE,200.00,5780.43
20260829,POS PURCHASE (EFFEC 26082026) AE BUNYAN STREET FC BENON CARD NO.  8836,-200.00,5580.43
20260829,POS PURCHASE (EFFEC 27082026) BP CHARLES STREET JOHAN CARD NO.  8836,-360.00,5220.43
20260829,POS PURCHASE (EFFEC 27082026) KFC MB PRETORIUS 2 K Gaute CARD NO.  8836,-99.90,5120.53
20260830,DIGITAL VOUCHERS    GRP FIN-PP ABSA BANK OTT Voucher 4be99113,-10.00,5110.53
20260830,"TRANSACTION FEE DIGITAL VOUCHERS (EFF:300826 AMT: 10,00-)",-2.70,5107.83
20260830,POS PURCHASE (EFFEC 27082026) AE WONDERPARK CS HURLI CARD NO.  8836,-28.99,5078.84
20260830,POS PURCHASE (EFFEC 27082026) AE BUNYAN STREET FC BENON CARD NO.  8836,-230.00,4848.84
20260830,POS PURCHASE (EFFEC 28082026) BP GLYNWOOD. BENON CARD NO.  8836,-150.00,4698.84
20260830,POS PURCHASE (EFFEC 28082026) ENGEN BIG BIRD 1 STOP Midra CARD NO.  8836,-300.00,4398.84
20260830,DIGITAL VOUCHERS    GRP FIN-PP ABSA BANK OTT Voucher fb5170fa,-10.00,4388.84
20260830,"TRANSACTION FEE DIGITAL VOUCHERS (EFF:300826 AMT: 10,00-)",-2.70,4386.14
20260901,POS PURCHASE (EFFEC 29082026) ENGEN TSAKANE CONV CNT Preto CARD NO.  8836,-255.80,4130.34
20260901,POS PURCHASE (EFFEC 29082026) DIHNO CAFE PRETO CARD NO.  8836,-3200.00,930.34
20260901,POS PURCHASE (EFFEC 29082026) Quagga TapnGo Tshwa CARD NO.  8836,-6.50,923.84
20260901,POS PURCHASE (EFFEC 29082026) ENGEN HADAF S STATION Tshwa CARD NO.  8836,-300.00,623.84
20260901,POS PURCHASE (EFFEC 29082026) Ko Masa fast food Mamel CARD NO.  8836,-225.00,398.84
20260901,POS PURCHASE (EFFEC 29082026) ENGEN HADEF EAST & W Tshwa CARD NO.  8836,-12.90,385.94
20260901,POS PURCHASE (EFFEC 29082026) S2S*Club323LiquorOut Mamel CARD NO.  8836,-168.00,217.94
20260901,POS PURCHASE (EFFEC 29082026) Quagga TapnGo Tshwa CARD NO.  8836,-6.50,211.44
20260901,MONTHLY ACC FEE,-115.00,96.44
20260901,INT DEBIT ORDER TO ABSA LIFE 6654056576,-302.70,-206.26
20260901,UNPAID DEBIT ABSA LIFE 6654056576 NOT PROVIDED FOR,302.70,96.44
20260902,"TRANSACTION FEE (EFFEC 01092026) UNPAID DEBIT (EFF:010926 AMT: 302,70",-50.00,46.44
20260902,POS PURCHASE (EFFEC 29082026) AE WONDERPARK FC HURLI CARD NO.  8836,-200.00,-153.56
20260903,ACB CREDIT SALARY,3329.62,3176.06
20260903,PayShap Ext Debit T tsalong,-900.00,2276.06
20260903,"TRANSACTION FEE PayShap Ext Debit (EFF:030926 AMT: 900,00-)",-5.50,2270.56
20260904,PREPAID DEBIT CARD NO. 3242 ELECTRICITY: 61224632,-200.00,2070.56
20260904,"TRANSACTION FEE PREPAID DEBIT (EFF:040926 AMT: 200,00-)",-2.00,2068.56
20260904,DIGITAL VOUCHERS    GRP FIN-PP ABSA BANK OTT Voucher 6cc3379d,-35.00,2033.56
20260904,LOTTO PURCHASE CARD NO. 3242 0067736266274676219594,-30.00,2003.56
20260904,PayShap Ext Debit Tsalong,-100.00,1903.56
20260904,"TRANSACTION FEE DIGITAL VOUCHERS (EFF:040926 AMT: 35,00-)",-2.70,1900.86
20260904,"TRANSACTION FEE LOTTO PURCHASE (EFF:040926 AMT: 30,00-)",-2.70,1898.16
20260904,"TRANSACTION FEE PayShap Ext Debit (EFF:040926 AMT: 100,00-)",-5.50,1892.66
20260905,LOTTO WINNINGS 026001752300008660178854196451,10.00,1902.66
20260905,DIGITAL VOUCHERS    GRP FIN-PP ABSA BANK OTT Voucher 782051fd,-30.00,1872.66
20260905,"TRANSACTION FEE DIGITAL VOUCHERS (EFF:050926 AMT: 30,00-)",-2.70,1869.96
20260905,POS PURCHASE (EFFEC 03092026) BP GLYNWOOD BENON CARD NO.  8836,-200.00,1669.96
20260905,POS PURCHASE (EFFEC 03092026) D C Beauty and Barber Benon CARD NO.  8836,-60.00,1609.96
20260905,POS PURCHASE (EFFEC 03092026) MrD CAPE CARD NO.  8836,-122.15,1487.81
20260905,PayShap Ext Debit Tsalong,-100.00,1387.81
20260905,"TRANSACTION FEE PayShap Ext Debit (EFF:050926 AMT: 100,00-)",-5.50,1382.31
20260906,DIGITAL VOUCHERS    GRP FIN-PP ABSA BANK OTT Voucher ec987790,-25.00,1357.31
20260906,"TRANSACTION FEE DIGITAL VOUCHERS (EFF:060926 AMT: 25,00-)",-2.70,1354.61
20260906,POS PURCHASE (EFFEC 04092026) MCD The Palm K90 (0374 Boksb CARD NO.  8836,-88.80,1265.81
20260907,PayShap Ext Credit S SEBISHA,450.00,1715.81
20260908,AIRTIME DEBIT CARD NO. 3242 VODACOM: 0766837110,-32.00,1683.81
20260908,"TRANSACTION FEE AIRTIME DEBIT (EFF:080926 AMT: 32,00-)",-1.50,1682.31
20260908,CASHSEND DIGITAL CARD NO. 8836 ABSA BANK Tshidiso Tsalong,-50.00,1632.31
20260908,"TRANSACTION FEE CASHSEND DIGITAL (EFF:080926 AMT: 50,00-)",-2.70,1629.61
20260908,PayShap Ext Debit Tsalong,-60.00,1569.61
20260908,"TRANSACTION FEE PayShap Ext Debit (EFF:080926 AMT: 60,00-)",-5.50,1564.11
20260908,POS PURCHASE (EFFEC 04092026) Total Sizan C GP CARD NO.  8836,-200.00,1364.11
20260908,POS PURCHASE (EFFEC 04092026) NANDO'S NORTH RAND ROAD BOKSB CARD NO.  8836,-96.00,1268.11
20260908,POS PURCHASE (EFFEC 04092026) AE WONDERPARK FC HURLI CARD NO.  8836,-200.00,1068.11
20260908,POS PURCHASE (EFFEC 05092026) FLM Boksburg BEYER CARD NO.  8836,-265.66,802.45
20260908,PREPAID DEBIT CARD NO. 3242 ELECTRICITY: 61224632,-96.00,706.45
20260909,"TRANSACTION FEE (EFFEC 08092026) PREPAID DEBIT (EFF:080926 AMT: 96,00-",-1.00,705.45
20260909,POS PURCHASE (EFFEC 07092026) Yoco *The Glow COFFE Benon CARD NO.  8836,-383.80,321.65
20260910,ACB CREDIT SALARY,3329.63,3651.28
20260910,PayShap Ext Debit T tsalong,-600.00,3051.28
20260910,"TRANSACTION FEE PayShap Ext Debit (EFF:100926 AMT: 600,00-)",-5.50,3045.78
20260910,PayShap Ext Debit T tsalong,-75.00,2970.78
20260910,"TRANSACTION FEE PayShap Ext Debit (EFF:100926 AMT: 75,00-)",-5.50,2965.28
20260910,AIRTIME DEBIT CARD NO. 3242 VODACOM: 0766837110,-32.00,2933.28
20260910,"TRANSACTION FEE AIRTIME DEBIT (EFF:100926 AMT: 32,00-)",-1.50,2931.78
20260910,PayShap Ext Debit Tsalong,-500.00,2431.78
20260910,"TRANSACTION FEE PayShap Ext Debit (EFF:100926 AMT: 500,00-)",-5.50,2426.28
20260910,POS PURCHASE (EFFEC 07092026) ENGEN BILTON Brakp CARD NO.  8836,-22.00,2404.28
20260910,POS PURCHASE (EFFEC 08092026) AE BUNYAN STREET FC BENON CARD NO.  8836,-300.00,2104.28
20260911,PREPAID DEBIT CARD NO. 3242 ELECTRICITY: 61224632,-200.00,1904.28
20260911,"TRANSACTION FEE PREPAID DEBIT (EFF:110926 AMT: 200,00-)",-2.00,1902.28
20260911,AIRTIME DEBIT CARD NO. 3242 VODACOM: 0766837110,-32.00,1870.28
20260911,"TRANSACTION FEE AIRTIME DEBIT (EFF:110926 AMT: 32,00-)",-1.50,1868.78
20260911,CASHSEND DIGITAL CARD NO. 8836 ABSA BANK Tshidiso Tsalong,-200.00,1668.78
20260911,"TRANSACTION FEE CASHSEND DIGITAL (EFF:110926 AMT: 200,00-)",-5.40,1663.38
20260911,DIGITAL VOUCHERS    GRP FIN-PP ABSA BANK OTT Voucher 1b544365,-22.00,1641.38
20260911,"TRANSACTION FEE DIGITAL VOUCHERS (EFF:110926 AMT: 22,00-)",-2.70,1638.68
20260912,POS PURCHASE (EFFEC 10092026) MRPriceH East Rand RP BOKSB CARD NO.  8836,-354.98,1283.70
20260912,POS PURCHASE (EFFEC 10092026) PnP Exp Glynwood BENON CARD NO.  8836,-23.50,1260.20
20260912,POS PURCHASE (EFFEC 10092026) Dischem Boksburg North GP CARD NO.  8836,-67.99,1192.21
20260912,POS PURCHASE (EFFEC 10092026) McD Benoni Benon CARD NO.  8836,-45.90,1146.31
20260912,POS PURCHASE (EFFEC 10092026) Checkers East Rand BOKSB CARD NO.  8836,-272.37,873.94
20260912,POS PURCHASE (EFFEC 10092026) PnP Exp Glynwood BENON CARD NO.  8836,-36.50,837.44
20260912,PayShap Ext Credit S SEBISHA,600.00,1437.44
20260912,DIGITAL VOUCHERS    GRP FIN-PP ABSA BANK OTT Voucher 1dbc169f,-30.00,1407.44
20260912,AIRTIME DEBIT CARD NO. 3242 VODACOM: 0766837110,-32.00,1375.44
20260912,"TRANSACTION FEE DIGITAL VOUCHERS (EFF:120926 AMT: 30,00-)",-2.70,1372.74
20260912,"TRANSACTION FEE AIRTIME DEBIT (EFF:120926 AMT: 32,00-)",-1.50,1371.24
20260912,PayShap Ext Credit THEMBI,200.00,1571.24
20260913,DIGITAL VOUCHERS    GRP FIN-PP ABSA BANK OTT Voucher 2f99b885,-20.00,1551.24
20260913,"TRANSACTION FEE DIGITAL VOUCHERS (EFF:130926 AMT: 20,00-)",-2.70,1548.54
20260913,AIRTIME DEBIT CARD NO. 3242 VODACOM: 0766837110,-32.00,1516.54
20260913,"TRANSACTION FEE AIRTIME DEBIT (EFF:130926 AMT: 32,00-)",-1.50,1515.04
20260913,POS PURCHASE (EFFEC 11092026) ENGEN HIGHVELD 1 STOP Kempt CARD NO.  8836,-38.95,1476.09
20260913,POS PURCHASE (EFFEC 11092026) SUPERSPAR KAREN PARK Gaute CARD NO.  8836,-159.98,1316.11
20260913,POS PURCHASE (EFFEC 11092026) SUPERSPAR KAREN PARK Gaute CARD NO.  8836,-49.99,1266.12
20260913,POS PURCHASE (EFFEC 11092026) AP *LASDISH (Pty) Ltd Preto CARD NO.  8836,-185.00,1081.12
20260913,PayShap Ext Debit Tsalong,-100.00,981.12
20260914,TRANSACTION FEE (EFFEC 13092026) PayShap Ext Debit (EFF:130926 AMT: 10,-5.50,975.62
20260914,DIGITAL VOUCHERS    GRP FIN-PP ABSA BANK OTT Voucher 0d46ae1c,-15.00,960.62
20260914,"TRANSACTION FEE DIGITAL VOUCHERS (EFF:140926 AMT: 15,00-)",-2.70,957.92
20260915,POS PURCHASE (EFFEC 11092026) AE WONDERPARK FC HURLI CARD NO.  8836,-200.00,757.92
20260916,DIGITAL VOUCHERS    GRP FIN-PP ABSA BANK OTT Voucher 89b48f17,-10.00,747.92
20260916,"TRANSACTION FEE DIGITAL VOUCHERS (EFF:160926 AMT: 10,00-)",-2.70,745.22
20260916,POS PURCHASE (EFFEC 12092026) DOPPIO ZERO EBOTSE Roode CARD NO.  8836,-708.00,37.22
20260917,ACB CREDIT SALARY,2428.87,2466.09
20260917,PayShap Ext Debit T tsalong,-900.00,1566.09
20260917,"TRANSACTION FEE PayShap Ext Debit (EFF:170926 AMT: 900,00-)",-5.50,1560.59
20260917,AIRTIME DEBIT CARD NO. 3242 VODACOM: 0766837110,-10.00,1550.59
20260917,"TRANSACTION FEE AIRTIME DEBIT (EFF:170926 AMT: 10,00-)",-1.50,1549.09
20260917,AIRTIME DEBIT CARD NO. 3242 VODACOM: 0766837110,-10.00,1539.09
20260917,"TRANSACTION FEE AIRTIME DEBIT (EFF:170926 AMT: 10,00-)",-1.50,1537.59
20260917,AIRTIME DEBIT CARD NO. 3242 VODACOM: 0766837110,-12.00,1525.59
20260917,"TRANSACTION FEE AIRTIME DEBIT (EFF:170926 AMT: 12,00-)",-1.50,1524.09
20260917,POS PURCHASE (EFFEC 12092026) DL*Bolt CPT CARD NO.  8836,-39.00,1485.09
20260917,PREPAID DEBIT CARD NO. 3242 ELECTRICITY: 61224632,-200.00,1285.09
20260917,"TRANSACTION FEE PREPAID DEBIT (EFF:170926 AMT: 200,00-)",-2.00,1283.09
20260917,DIGITAL VOUCHERS    GRP FIN-PP ABSA BANK OTT Voucher 145a0e76,-40.00,1243.09
20260917,"TRANSACTION FEE DIGITAL VOUCHERS (EFF:170926 AMT: 40,00-)",-2.70,1240.39
20260918,AIRTIME DEBIT CARD NO. 3242 VODACOM: 0766837110,-32.00,1208.39
20260918,"TRANSACTION FEE AIRTIME DEBIT (EFF:180926 AMT: 32,00-)",-1.50,1206.89
20260918,CASHSEND DIGITAL CARD NO. 8836 ABSA BANK Tshidiso Tsalong,-100.00,1106.89
20260918,"TRANSACTION FEE CASHSEND DIGITAL (EFF:180926 AMT: 100,00-)",-2.70,1104.19
20260918,AIRTIME DEBIT CARD NO. 3242 VODACOM: 0766837110,-32.00,1072.19
20260918,"TRANSACTION FEE AIRTIME DEBIT (EFF:180926 AMT: 32,00-)",-1.50,1070.69
20260918,PayShap Ext Credit S SEBISHA,700.00,1770.69
20260919,PayShap Ext Debit Tsalong,-600.00,1170.69
20260919,"TRANSACTION FEE PayShap Ext Debit (EFF:190926 AMT: 600,00-)",-5.50,1165.19
20260919,DIGITAL VOUCHERS    GRP FIN-PP ABSA BANK OTT Voucher 00c6927f,-25.00,1140.19
20260919,"TRANSACTION FEE DIGITAL VOUCHERS (EFF:190926 AMT: 25,00-)",-2.70,1137.49
20260919,POS PURCHASE (EFFEC 17092026) PnP Exp Glynwood BENON CARD NO.  8836,-33.50,1103.99
20260919,POS PURCHASE (EFFEC 17092026) D C Beauty and Barber Benon CARD NO.  8836,-60.00,1043.99
20260919,DIGITAL VOUCHERS    GRP FIN-PP ABSA BANK OTT Voucher b7a26c48,-20.00,1023.99
20260919,"TRANSACTION FEE DIGITAL VOUCHERS (EFF:190926 AMT: 20,00-)",-2.70,1021.29
20260920,DIGITAL VOUCHERS    GRP FIN-PP ABSA BANK OTT Voucher a92dbf09,-20.00,1001.29
20260920,"TRANSACTION FEE DIGITAL VOUCHERS (EFF:200926 AMT: 20,00-)",-2.70,998.59
20260920,POS PURCHASE (EFFEC 18092026) ENGEN HIGHVELD 1 STOP Kempt CARD NO.  8836,-250.00,748.59
20260920,POS PURCHASE (EFFEC 18092026) McD Benoni Benon CARD NO.  8836,-44.90,703.69
20260920,DIGITAL VOUCHERS    GRP FIN-PP ABSA BANK OTT Voucher b401eb4a,-30.00,673.69
20260920,PayShap Ext Debit Tsalong,-200.00,473.69
20260920,"TRANSACTION FEE DIGITAL VOUCHERS (EFF:200926 AMT: 30,00-)",-2.70,470.99
20260920,"TRANSACTION FEE PayShap Ext Debit (EFF:200926 AMT: 200,00-)",-5.50,465.49
20260922,"TRANSACTION FEE DECL POS TRAN FEE (EFF:220926 AMT: 0,00 )",-10.00,455.49
20260922,"TRANSACTION FEE DECL POS TRAN FEE (EFF:220926 AMT: 0,00 )",-10.00,445.49
20260922,POS PURCHASE (EFFEC 18092026) PANTRY HAZELWOOD - ARCH PRETO CARD NO.  8836,-124.99,320.50
20260922,POS PURCHASE (EFFEC 18092026) AE BUNYAN STREET FC BENON CARD NO.  8836,-300.00,20.50
20260923,NPF CREDIT          WONDERPARK EFTBB9DLLKTYQ040/SALARY,2428.87,2449.37
20260923,AIRTIME DEBIT CARD NO. 3242 VODACOM: 0766837110,-12.00,2437.37
20260923,"TRANSACTION FEE AIRTIME DEBIT (EFF:230926 AMT: 12,00-)",-1.50,2435.87
20260923,PayShap Ext Debit T tsalong,-1050.00,1385.87
20260923,"TRANSACTION FEE PayShap Ext Debit (EFF:230926 AMT: 1050,00-)",-5.50,1380.37
20260923,PayShap Ext Debit Tsalong,-1000.00,380.37
20260923,"TRANSACTION FEE PayShap Ext Debit (EFF:230926 AMT: 1000,00-)",-5.50,374.87
20260923,"TRANSACTION FEE ARCHIVE STMT ENQ (EFF:230926 AMT: 0,00 )",-10.00,364.87
20260923,"TRANSACTION FEE ARCHIVE STMT ENQ (EFF:230926 AMT: 0,00 )",-10.00,354.87
